hometeam,awayteam,datetime,score,result
BOS,NYK,10/22/2024,109-132,W
LAL,MIN,10/22/2024,103-110,W
DET,IND,10/23/2024,115-109,L
ATL,BKN,10/23/2024,116-120,W
MIA,ORL,10/23/2024,116-97,L
PHI,MIL,10/23/2024,124-109,L
TOR,CLE,10/23/2024,136-106,L
HOU,CHA,10/23/2024,110-105,L
NOP,CHI,10/23/2024,111-123,W
UTA,MEM,10/23/2024,126-124,L
LAC,PHX,10/23/2024,116-113,L
POR,GSW,10/23/2024,140-104,L
WAS,BOS,10/24/2024,122-102,L
DAL,SAS,10/24/2024,109-120,W
SAC,MIN,10/24/2024,117-115,L
DEN,OKC,10/24/2024,102-87,L
ORL,BKN,10/25/2024,101-116,W
TOR,PHI,10/25/2024,107-115,W
ATL,CHA,10/25/2024,120-125,W
CLE,DET,10/25/2024,101-113,W
NYK,IND,10/25/2024,98-123,W
HOU,MEM,10/25/2024,108-128,W
MIL,CHI,10/25/2024,133-122,L
UTA,GSW,10/25/2024,127-86,L
LAL,PHX,10/25/2024,116-123,W
POR,NOP,10/25/2024,105-103,L
DEN,LAC,10/26/2024,109-104,L
WAS,CLE,10/26/2024,135-116,L
DET,BOS,10/26/2024,124-118,L
CHA,MIA,10/26/2024,114-106,L
MEM,ORL,10/26/2024,111-124,W
MIN,TOR,10/26/2024,101-112,W
CHI,OKC,10/26/2024,114-95,L
SAS,HOU,10/26/2024,106-109,W
PHX,DAL,10/26/2024,102-114,W
LAL,SAC,10/26/2024,127-131,W
IND,PHI,10/27/2024,118-114,L
POR,NOP,10/27/2024,103-125,W
BKN,MIL,10/27/2024,102-115,W
OKC,ATL,10/27/2024,104-128,W
GSW,LAC,10/27/2024,112-104,L
ORL,IND,10/28/2024,115-119,W
ATL,WAS,10/28/2024,121-119,L
BOS,MIL,10/28/2024,108-119,W
TOR,DEN,10/28/2024,127-125,L
MIA,DET,10/28/2024,98-106,W
NYK,CLE,10/28/2024,110-104,L
SAS,HOU,10/28/2024,106-101,L
MEM,CHI,10/28/2024,126-123,L
DAL,UTA,10/28/2024,102-110,W
SAC,POR,10/28/2024,98-111,W
PHX,LAL,10/28/2024,105-109,W
BKN,DEN,10/29/2024,144-139,L
MIN,DAL,10/29/2024,120-114,L
UTA,SAC,10/29/2024,113-96,L
GSW,NOP,10/29/2024,106-124,W
PHI,DET,10/30/2024,105-95,L
WAS,ATL,10/30/2024,120-133,W
IND,BOS,10/30/2024,132-135,W
CLE,LAL,10/30/2024,110-134,W
CHA,TOR,10/30/2024,133-138,W
MIA,NYK,10/30/2024,116-107,L
CHI,ORL,10/30/2024,99-102,W
MEM,BKN,10/30/2024,119-106,L
OKC,SAS,10/30/2024,93-105,W
GSW,NOP,10/30/2024,89-104,W
LAC,POR,10/30/2024,106-105,L
MEM,MIL,10/31/2024,99-122,W
DAL,HOU,10/31/2024,108-102,L
UTA,SAS,10/31/2024,106-88,L
LAC,PHX,10/31/2024,125-119,L
CHA,BOS,11/1/2024,124-109,L
CLE,ORL,11/1/2024,109-120,W
DET,NYK,11/1/2024,128-98,L
ATL,SAC,11/1/2024,123-115,L
BKN,CHI,11/1/2024,112-120,W
TOR,LAL,11/1/2024,131-125,L
NOP,IND,11/1/2024,118-125,W
MIN,DEN,11/1/2024,116-119,W
POR,OKC,11/1/2024,137-114,L
CHA,BOS,11/2/2024,113-103,L
PHI,MEM,11/2/2024,124-107,L
TOR,SAC,11/2/2024,128-131,W
HOU,GSW,11/2/2024,127-121,L
MIL,CLE,11/2/2024,114-113,L
SAS,MIN,11/2/2024,103-113,W
WAS,MIA,11/2/2024,118-98,L
DEN,UTA,11/2/2024,103-129,W
PHX,POR,11/2/2024,97-103,W
LAC,OKC,11/2/2024,105-92,L
BKN,DET,11/3/2024,106-92,L
NOP,ATL,11/3/2024,126-111,L
DAL,ORL,11/3/2024,85-108,W
CLE,MIL,11/4/2024,114-116,W
WAS,GSW,11/4/2024,125-112,L
DET,LAL,11/4/2024,103-115,W
ATL,BOS,11/4/2024,123-93,L
BKN,MEM,11/4/2024,104-106,W
MIA,SAC,11/4/2024,111-110,L
CHI,UTA,11/4/2024,135-126,L
HOU,NYK,11/4/2024,97-109,W
MIN,CHA,11/4/2024,93-114,W
OKC,ORL,11/4/2024,86-102,W
NOP,POR,11/4/2024,118-100,L
DAL,IND,11/4/2024,134-127,L
DEN,TOR,11/4/2024,119-121,W
PHX,PHI,11/4/2024,116-118,W
LAC,SAS,11/4/2024,104-113,W
CHA,DET,11/6/2024,107-108,W
IND,ORL,11/6/2024,111-118,W
ATL,NYK,11/6/2024,116-121,W
BOS,GSW,11/6/2024,118-112,L
HOU,SAS,11/6/2024,100-127,W
MEM,LAL,11/6/2024,114-131,W
NOP,CLE,11/6/2024,131-122,L
DAL,CHI,11/6/2024,99-119,W
DEN,OKC,11/6/2024,122-124,W
PHX,MIA,11/6/2024,112-115,W
LAC,PHI,11/6/2024,98-110,W
SAC,TOR,11/6/2024,107-122,W
CHI,MIN,11/7/2024,135-119,L
MIL,UTA,11/7/2024,100-123,W
SAS,POR,11/7/2024,105-118,W
CHA,IND,11/8/2024,83-103,W
DET,ATL,11/8/2024,121-122,W
ORL,NOP,11/8/2024,88-115,W
BOS,BKN,11/8/2024,104-108,W
CLE,GSW,11/8/2024,117-136,W
DAL,PHX,11/8/2024,114-113,L
NYK,MIL,11/8/2024,94-116,W
MEM,WAS,11/8/2024,104-128,W
OKC,HOU,11/8/2024,107-126,W
DEN,MIA,11/8/2024,122-135,W
MIN,POR,11/8/2024,102-127,W
LAL,PHI,11/8/2024,106-116,W
SAC,LAC,11/8/2024,107-98,L
SAS,UTA,11/9/2024,111-110,L
ATL,CHI,11/9/2024,125-113,L
CLE,BKN,11/9/2024,100-105,W
LAC,TOR,11/9/2024,103-105,W
DET,HOU,11/10/2024,101-99,L
MIL,BOS,11/10/2024,113-107,L
IND,NYK,11/10/2024,121-132,W
ORL,WAS,11/10/2024,94-121,W
MIN,MIA,11/10/2024,95-94,L
OKC,GSW,11/10/2024,127-116,L
PHI,CHA,11/10/2024,105-107,W
DEN,DAL,11/10/2024,120-122,W
PHX,SAC,11/10/2024,127-118,L
POR,MEM,11/10/2024,134-89,L
LAL,TOR,11/10/2024,103-123,W
CHI,CLE,11/11/2024,119-113,L
HOU,WAS,11/11/2024,92-107,W
NOP,BKN,11/11/2024,107-105,L
OKC,LAC,11/11/2024,128-134,W
SAS,SAC,11/11/2024,96-116,W
BOS,ATL,11/12/2024,117-116,L
DET,MIA,11/12/2024,121-123,W
ORL,CHA,11/12/2024,89-114,W
PHI,NYK,11/12/2024,111-99,L
MIL,TOR,11/12/2024,85-99,W
UTA,PHX,11/12/2024,120-112,L
GSW,DAL,11/12/2024,117-120,W
POR,MIN,11/12/2024,108-122,W
ORL,IND,11/13/2024,90-94,W
BKN,BOS,11/13/2024,139-114,L
NYK,CHI,11/13/2024,124-123,L
OKC,NOP,11/13/2024,88-106,W
PHI,CLE,11/13/2024,114-106,L
HOU,LAC,11/13/2024,103-111,W
MIL,DET,11/13/2024,120-127,W
SAS,WAS,11/13/2024,130-139,W
LAL,MEM,11/13/2024,123-128,W
POR,MIN,11/13/2024,98-106,W
SAC,PHX,11/13/2024,104-127,W
UTA,DAL,11/14/2024,113-115,W
IND,MIA,11/15/2024,124-111,L
ORL,PHI,11/15/2024,86-98,W
TOR,DET,11/15/2024,99-95,L
ATL,WAS,11/15/2024,117-129,W
CLE,CHI,11/15/2024,126-144,W
NYK,BKN,11/15/2024,122-124,W
SAS,LAL,11/15/2024,120-115,L
HOU,LAC,11/15/2024,104-125,W
NOP,DEN,11/15/2024,94-101,W
OKC,PHX,11/15/2024,83-99,W
GSW,MEM,11/15/2024,118-123,W
SAC,MIN,11/15/2024,130-126,L
CHA,MIL,11/16/2024,114-115,W
BOS,TOR,11/16/2024,123-126,W
NOP,LAL,11/16/2024,104-99,L
DAL,SAS,11/16/2024,93-110,W
SAC,UTA,11/16/2024,117-121,W
MIN,PHX,11/17/2024,117-120,W
IND,MIA,11/17/2024,110-119,W
CLE,CHA,11/17/2024,114-128,W
MEM,DEN,11/17/2024,90-105,W
POR,ATL,11/17/2024,110-114,W
WAS,DET,11/17/2024,124-104,L
CHI,HOU,11/17/2024,143-107,L
NYK,BKN,11/17/2024,104-114,W
OKC,DAL,11/17/2024,121-119,L
LAC,UTA,11/17/2024,105-116,W
DET,CHI,11/18/2024,122-112,L
MIA,PHI,11/18/2024,89-106,W
NYK,WAS,11/18/2024,106-134,W
TOR,IND,11/18/2024,119-130,W
MIL,HOU,11/18/2024,100-101,W
PHX,ORL,11/18/2024,109-99,L
SAC,ATL,11/18/2024,109-108,L
LAC,GSW,11/18/2024,99-102,W
BOS,CLE,11/19/2024,117-120,W
BKN,CHA,11/19/2024,115-116,W
MEM,DEN,11/19/2024,122-110,L
DAL,NOP,11/19/2024,91-132,W
SAS,OKC,11/19/2024,104-110,W
LAL,UTA,11/19/2024,118-124,W
CLE,NOP,11/20/2024,100-128,W
MIL,CHI,11/20/2024,106-122,W
HOU,IND,11/20/2024,113-130,W
MEM,PHI,11/20/2024,111-117,W
OKC,POR,11/20/2024,99-109,W
GSW,ATL,11/20/2024,97-120,W
PHX,NYK,11/20/2024,138-122,L
LAC,ORL,11/20/2024,93-104,W
CHA,DET,11/21/2024,121-123,W
TOR,MIN,11/21/2024,105-110,W
SAS,UTA,11/21/2024,118-126,W
LAL,ORL,11/21/2024,119-118,L
PHI,BKN,11/22/2024,98-113,W
WAS,BOS,11/22/2024,108-96,L
NOP,GSW,11/22/2024,112-108,L
CHI,ATL,11/22/2024,122-136,W
HOU,POR,11/22/2024,88-116,W
MIL,IND,11/22/2024,117-129,W
DEN,DAL,11/22/2024,123-120,L
LAC,SAC,11/22/2024,88-104,W
UTA,NYK,11/23/2024,106-121,W
ORL,DET,11/23/2024,100-111,W
CHI,MEM,11/23/2024,142-131,L
HOU,POR,11/23/2024,104-98,L
MIL,CHA,11/23/2024,119-125,W
SAS,GSW,11/23/2024,94-104,W
LAL,DEN,11/23/2024,127-102,L
BOS,MIN,11/24/2024,105-107,W
IND,WAS,11/24/2024,103-115,W
MIA,DAL,11/24/2024,118-123,W
PHI,LAC,11/24/2024,125-99,L
CLE,TOR,11/24/2024,108-122,W
SAC,BKN,11/24/2024,108-103,L
CHA,ORL,11/25/2024,95-84,L
DET,TOR,11/25/2024,100-102,W
IND,NOP,11/25/2024,110-114,W
ATL,DAL,11/25/2024,129-119,L
BOS,LAC,11/25/2024,94-126,W
MEM,POR,11/25/2024,98-123,W
DEN,NYK,11/25/2024,145-118,L
GSW,BKN,11/25/2024,128-120,L
SAC,OKC,11/25/2024,130-109,L
WAS,CHI,11/26/2024,127-108,L
MIA,MIL,11/26/2024,106-103,L
MIN,HOU,11/26/2024,117-111,L
UTA,SAS,11/26/2024,128-115,L
PHX,LAL,11/26/2024,100-127,W
CHA,MIA,11/27/2024,98-94,L
CLE,ATL,11/27/2024,135-124,L
IND,POR,11/27/2024,114-121,W
ORL,CHI,11/27/2024,119-133,W
PHI,HOU,11/27/2024,122-115,L
WAS,LAC,11/27/2024,121-96,L
DAL,NYK,11/27/2024,114-129,W
MEM,DET,11/27/2024,111-131,W
MIN,SAC,11/27/2024,115-104,L
NOP,TOR,11/27/2024,119-93,L
SAS,LAL,11/27/2024,119-101,L
PHX,BKN,11/27/2024,127-117,L
UTA,DEN,11/27/2024,122-103,L
GSW,OKC,11/27/2024,105-101,L
CHA,NYK,11/29/2024,99-98,L
ATL,CLE,11/29/2024,101-117,W
MEM,NOP,11/29/2024,109-120,W
BKN,ORL,11/29/2024,123-100,L
MIN,LAC,11/29/2024,92-93,W
CHI,BOS,11/29/2024,138-129,L
IND,DET,11/29/2024,130-106,L
MIA,TOR,11/29/2024,111-121,W
LAL,OKC,11/29/2024,101-93,L
POR,SAC,11/29/2024,106-115,W
CHA,ATL,11/30/2024,107-104,L
DET,PHI,11/30/2024,111-96,L
MIL,WAS,11/30/2024,114-124,W
PHX,GSW,11/30/2024,105-113,W
UTA,DAL,11/30/2024,106-94,L
BKN,ORL,12/1/2024,100-92,L
MEM,IND,12/1/2024,121-136,W
CLE,BOS,12/1/2024,111-115,W
NYK,NOP,12/1/2024,85-118,W
TOR,MIA,12/1/2024,116-119,W
HOU,OKC,12/1/2024,116-119,W
UTA,LAL,12/1/2024,105-104,L
POR,DAL,12/1/2024,137-131,L
SAC,SAS,12/1/2024,127-125,L
LAC,DEN,12/1/2024,122-126,W
ATL,NOP,12/2/2024,112-124,W
BOS,MIA,12/2/2024,89-108,W
CHI,BKN,12/2/2024,102-128,W
MIN,LAL,12/2/2024,80-109,W
CHA,PHI,12/3/2024,110-104,L
CLE,WAS,12/3/2024,87-118,W
DET,MIL,12/3/2024,128-107,L
NYK,ORL,12/3/2024,106-121,W
TOR,IND,12/3/2024,111-122,W
OKC,UTA,12/3/2024,106-133,W
DAL,MEM,12/3/2024,116-121,W
PHX,SAS,12/3/2024,93-104,W
DEN,GSW,12/3/2024,115-119,W
SAC,HOU,12/3/2024,111-120,W
LAC,POR,12/3/2024,105-127,W
BOS,DET,12/4/2024,120-130,W
BKN,IND,12/4/2024,90-99,W
MIA,LAL,12/4/2024,93-134,W
PHI,ORL,12/4/2024,106-102,L
MIL,ATL,12/4/2024,119-104,L
LAC,MIN,12/4/2024,108-80,L
CLE,DEN,12/5/2024,114-126,W
WAS,DAL,12/5/2024,137-101,L
NYK,CHA,12/5/2024,101-125,W
TOR,OKC,12/5/2024,129-92,L
MEM,SAC,12/5/2024,110-115,W
NOP,PHX,12/5/2024,124-126,W
SAS,CHI,12/5/2024,139-124,L
GSW,HOU,12/5/2024,93-99,W
PHI,ORL,12/6/2024,94-102,W
ATL,LAL,12/6/2024,132-134,W
BOS,MIL,12/6/2024,105-111,W
CHI,IND,12/6/2024,132-123,L
SAS,SAC,12/6/2024,140-113,L
GSW,MIN,12/6/2024,107-90,L
POR,UTA,12/6/2024,141-99,L
CHA,CLE,12/7/2024,116-102,L
NOP,OKC,12/7/2024,119-109,L
WAS,DEN,12/7/2024,113-122,W
NYK,DET,12/7/2024,120-111,L
TOR,DAL,12/7/2024,125-118,L
BOS,MEM,12/7/2024,127-121,L
MIA,PHX,12/7/2024,111-121,W
CHI,PHI,12/8/2024,108-100,L
BKN,MIL,12/8/2024,118-113,L
IND,CHA,12/8/2024,113-109,L
ATL,DEN,12/8/2024,141-111,L
MIA,CLE,12/8/2024,113-122,W
ORL,PHX,12/8/2024,110-115,W
SAS,NOP,12/8/2024,116-121,W
WAS,MEM,12/8/2024,140-112,L
GSW,MIN,12/8/2024,106-114,W
LAC,HOU,12/8/2024,117-106,L
SAC,UTA,12/8/2024,97-141,W
LAL,POR,12/8/2024,98-107,W
TOR,NYK,12/9/2024,113-108,L
MIL,ORL,12/10/2024,109-114,W
OKC,DAL,12/10/2024,104-118,W
NYK,ATL,12/11/2024,108-100,L
HOU,GSW,12/11/2024,90-91,W
BOS,DET,12/12/2024,99-123,W
MIA,TOR,12/12/2024,104-114,W
NOP,SAC,12/12/2024,111-109,L
CLE,WAS,12/13/2024,105-115,W
PHI,IND,12/13/2024,121-107,L
CHI,CHA,12/13/2024,95-109,W
MEM,BKN,12/13/2024,119-135,W
MIN,LAL,12/13/2024,87-97,W
DEN,LAC,12/13/2024,98-120,W
UTA,PHX,12/13/2024,134-126,L
POR,SAS,12/13/2024,118-116,L
MIL,ATL,12/14/2024,102-110,W
OKC,HOU,12/14/2024,96-111,W
IND,NOP,12/15/2024,104-119,W
ORL,NYK,12/15/2024,100-91,L
WAS,BOS,12/15/2024,112-98,L
SAS,MIN,12/15/2024,106-92,L
PHX,POR,12/15/2024,109-116,W
GSW,DAL,12/15/2024,143-133,L
LAL,MEM,12/15/2024,110-116,W
CHA,PHI,12/16/2024,121-108,L
DET,MIA,12/16/2024,124-125,W
BKN,CLE,12/16/2024,130-101,L
TOR,CHI,12/16/2024,122-121,L
SAC,DEN,12/16/2024,130-129,L
LAC,UTA,12/16/2024,107-144,W
OKC,MIL,12/17/2024,97-81,L
DET,UTA,12/19/2024,126-119,L
ORL,OKC,12/19/2024,105-99,L
WAS,CHA,12/19/2024,114-123,W
BOS,CHI,12/19/2024,117-108,L
TOR,BKN,12/19/2024,101-94,L
HOU,NOP,12/19/2024,113-133,W
MEM,GSW,12/19/2024,93-144,W
SAS,ATL,12/19/2024,126-133,W
DAL,LAC,12/19/2024,118-95,L
PHX,IND,12/19/2024,120-111,L
MIN,NYK,12/19/2024,133-107,L
POR,DEN,12/19/2024,124-126,W
SAC,LAL,12/19/2024,113-100,L
PHI,CHA,12/20/2024,98-108,W
CLE,MIL,12/20/2024,101-124,W
MIA,OKC,12/20/2024,104-97,L
SAC,LAL,12/21/2024,103-99,L
ORL,MIA,12/21/2024,114-121,W
ATL,MEM,12/21/2024,128-112,L
BKN,UTA,12/21/2024,105-94,L
CHI,BOS,12/21/2024,123-98,L
CLE,PHI,12/21/2024,99-126,W
MIL,WAS,12/21/2024,101-112,W
MIN,GSW,12/21/2024,113-103,L
NOP,NYK,12/21/2024,104-93,L
DAL,LAC,12/21/2024,97-113,W
SAS,POR,12/21/2024,94-114,W
PHX,DET,12/21/2024,133-125,L
SAC,IND,12/22/2024,122-95,L
TOR,HOU,12/22/2024,114-110,L
NOP,DEN,12/22/2024,132-129,L
CHA,HOU,12/23/2024,114-101,L
CLE,UTA,12/23/2024,113-124,W
ORL,BOS,12/23/2024,104-108,W
PHI,SAS,12/23/2024,106-111,W
ATL,MIN,12/23/2024,104-117,W
MIA,BKN,12/23/2024,95-110,W
NYK,TOR,12/23/2024,125-139,W
CHI,MIL,12/23/2024,112-91,L
MEM,LAC,12/23/2024,114-110,L
OKC,WAS,12/23/2024,105-123,W
DAL,POR,12/23/2024,108-132,W
DEN,PHX,12/23/2024,90-117,W
GSW,IND,12/23/2024,111-105,L
LAL,DET,12/23/2024,117-114,L
NYK,SAS,12/25/2024,114-117,W
DAL,MIN,12/25/2024,105-99,L
BOS,PHI,12/25/2024,118-114,L
GSW,LAL,12/25/2024,115-113,L
PHX,DEN,12/25/2024,100-110,W
IND,OKC,12/26/2024,120-114,L
ORL,MIA,12/26/2024,89-88,L
WAS,CHA,12/26/2024,110-113,W
ATL,CHI,12/26/2024,133-141,W
MEM,TOR,12/26/2024,126-155,W
MIL,BKN,12/26/2024,111-105,L
NOP,HOU,12/26/2024,128-111,L
POR,UTA,12/26/2024,120-122,W
SAC,DET,12/26/2024,114-113,L
ORL,NYK,12/27/2024,108-85,L
BOS,IND,12/27/2024,105-142,W
BKN,SAS,12/27/2024,96-87,L
HOU,MIN,12/27/2024,113-112,L
NOP,MEM,12/27/2024,132-124,L
DEN,CLE,12/27/2024,149-135,L
PHX,DAL,12/27/2024,98-89,L
LAC,GSW,12/27/2024,92-102,W
ATL,MIA,12/28/2024,110-120,W
CHA,OKC,12/28/2024,106-94,L
WAS,NYK,12/28/2024,136-132,L
CHI,MIL,12/28/2024,111-116,W
GSW,PHX,12/28/2024,105-109,W
DEN,DET,12/28/2024,121-134,W
UTA,PHI,12/28/2024,114-111,L
POR,DAL,12/28/2024,122-126,W
LAL,SAC,12/28/2024,122-132,W
ORL,BKN,12/29/2024,101-102,W
BOS,IND,12/29/2024,123-114,L
TOR,ATL,12/29/2024,136-107,L
HOU,MIA,12/29/2024,104-100,L
OKC,MEM,12/29/2024,106-130,W
MIN,SAS,12/29/2024,110-112,W
CHA,CHI,12/30/2024,115-108,L
WAS,NYK,12/30/2024,126-106,L
NOP,LAC,12/30/2024,116-113,L
UTA,DEN,12/30/2024,132-121,L
GSW,CLE,12/30/2024,113-95,L
POR,PHI,12/30/2024,125-103,L
SAC,DAL,12/30/2024,100-110,W
BOS,TOR,12/31/2024,71-125,W
IND,MIL,12/31/2024,120-112,L
SAS,LAC,12/31/2024,86-122,W
OKC,MIN,12/31/2024,105-113,W
LAL,CLE,12/31/2024,122-110,L
PHX,MEM,12/31/2024,117-112,L
DET,ORL,1/1/2025,96-105,W
WAS,CHI,1/1/2025,107-125,W
MIA,NOP,1/1/2025,108-119,W
NYK,UTA,1/1/2025,103-119,W
TOR,BKN,1/1/2025,113-130,W
HOU,DAL,1/1/2025,99-110,W
DEN,ATL,1/1/2025,120-139,W
SAC,PHI,1/1/2025,107-113,W
MIA,IND,1/2/2025,128-115,L
MIN,BOS,1/2/2025,118-115,L
MIL,BKN,1/2/2025,113-110,L
OKC,LAC,1/2/2025,98-116,W
GSW,PHI,1/2/2025,105-139,W
LAL,POR,1/2/2025,106-114,W
DET,CHA,1/3/2025,94-98,W
TOR,ORL,1/3/2025,106-97,L
HOU,BOS,1/3/2025,109-86,L
NOP,WAS,1/3/2025,120-132,W
OKC,NYK,1/3/2025,107-117,W
DAL,CLE,1/3/2025,134-122,L
DEN,SAS,1/3/2025,113-110,L
SAC,MEM,1/3/2025,133-138,W
LAL,ATL,1/3/2025,102-119,W
BKN,PHI,1/4/2025,123-94,L
DET,MIN,1/4/2025,105-119,W
IND,PHX,1/4/2025,108-126,W
CHI,NYK,1/4/2025,126-139,W
MIA,UTA,1/4/2025,136-100,L
MIL,POR,1/4/2025,105-102,L
SAS,DEN,1/4/2025,122-111,L
GSW,MEM,1/4/2025,113-121,W
LAC,ATL,1/4/2025,105-131,W
OKC,BOS,1/5/2025,92-105,W
CLE,CHA,1/5/2025,105-115,W
WAS,NOP,1/5/2025,110-98,L
ORL,UTA,1/5/2025,105-92,L
HOU,LAL,1/5/2025,115-119,W
GSW,SAC,1/5/2025,129-99,L
DET,POR,1/6/2025,115-118,W
PHI,PHX,1/6/2025,109-99,L
BKN,IND,1/6/2025,113-99,L
NYK,ORL,1/6/2025,103-94,L
TOR,MIL,1/6/2025,128-104,L
CHI,SAS,1/6/2025,110-114,W
MEM,DAL,1/6/2025,104-119,W
MIN,LAC,1/6/2025,106-108,W
SAC,MIA,1/6/2025,118-123,W
CHA,PHX,1/7/2025,104-115,W
WAS,HOU,1/7/2025,135-112,L
DAL,LAL,1/7/2025,97-118,W
NOP,MIN,1/7/2025,104-97,L
UTA,ATL,1/7/2025,124-121,L
DEN,BOS,1/7/2025,118-106,L
GSW,MIA,1/7/2025,114-98,L
CLE,OKC,1/8/2025,122-129,W
IND,CHI,1/8/2025,113-129,W
PHI,WAS,1/8/2025,103-109,W
BKN,DET,1/8/2025,113-98,L
NYK,TOR,1/8/2025,98-112,W
NOP,POR,1/8/2025,119-100,L
DEN,LAC,1/8/2025,103-126,W
MIL,SAS,1/8/2025,105-121,W
CLE,TOR,1/9/2025,126-132,W
DET,GSW,1/9/2025,107-104,L
ORL,MIN,1/9/2025,104-89,L
DAL,POR,1/9/2025,111-117,W
MEM,HOU,1/9/2025,119-115,L
PHX,ATL,1/9/2025,115-123,W
UTA,MIA,1/9/2025,97-92,L
IND,GSW,1/10/2025,96-108,W
ORL,MIL,1/10/2025,109-106,L
PHI,NOP,1/10/2025,123-115,L
BOS,SAC,1/10/2025,114-97,L
NYK,OKC,1/10/2025,126-101,L
CHI,WAS,1/10/2025,105-138,W
DEN,BKN,1/10/2025,105-124,W
PHX,UTA,1/11/2025,106-114,W
DET,TOR,1/11/2025,114-123,W
MIN,MEM,1/11/2025,127-125,L
POR,MIA,1/11/2025,119-98,L
DAL,DEN,1/12/2025,112-101,L
NYK,MIL,1/12/2025,106-140,W
CHI,SAC,1/12/2025,124-119,L
BOS,NOP,1/12/2025,119-120,W
CLE,IND,1/12/2025,108-93,L
ORL,PHI,1/12/2025,99-104,W
WAS,OKC,1/12/2025,136-95,L
UTA,BKN,1/12/2025,111-112,W
PHX,CHA,1/12/2025,113-120,W
WAS,MIN,1/13/2025,120-106,L
NYK,DET,1/13/2025,124-119,L
TOR,GSW,1/13/2025,101-104,W
HOU,MEM,1/13/2025,118-120,W
LAC,MIA,1/13/2025,98-109,W
LAL,SAS,1/13/2025,126-102,L
IND,CLE,1/14/2025,127-117,L
PHI,OKC,1/14/2025,118-102,L
ATL,PHX,1/14/2025,117-122,W
CHI,NOP,1/14/2025,119-113,L
MIL,SAC,1/14/2025,115-130,W
DAL,DEN,1/14/2025,118-99,L
POR,BKN,1/14/2025,132-114,L
PHI,NYK,1/15/2025,125-119,L
TOR,BOS,1/15/2025,97-110,W
CHI,ATL,1/15/2025,110-94,L
MIL,ORL,1/15/2025,93-122,W
NOP,DAL,1/15/2025,116-119,W
SAS,MEM,1/15/2025,129-115,L
DEN,HOU,1/15/2025,128-108,L
UTA,CHA,1/15/2025,117-112,L
MIN,GSW,1/15/2025,116-115,L
LAL,MIA,1/15/2025,108-117,W
LAC,BKN,1/15/2025,67-126,W
DET,IND,1/16/2025,111-100,L
WAS,PHX,1/16/2025,130-123,L
OKC,CLE,1/16/2025,114-134,W
POR,LAC,1/16/2025,118-89,L
SAC,HOU,1/16/2025,127-132,W
BOS,ORL,1/17/2025,94-121,W
NYK,MIN,1/17/2025,116-99,L
CHI,CHA,1/17/2025,125-123,L
MIA,DEN,1/17/2025,133-113,L
MIL,TOR,1/17/2025,112-130,W
NOP,UTA,1/17/2025,123-136,W
DAL,OKC,1/17/2025,98-106,W
SAS,MEM,1/17/2025,140-112,L
LAL,BKN,1/17/2025,101-102,W
DET,PHX,1/18/2025,125-121,L
BOS,ATL,1/18/2025,119-115,L
IND,PHI,1/18/2025,102-115,W
GSW,WAS,1/18/2025,114-122,W
MIN,CLE,1/18/2025,124-117,L
POR,HOU,1/18/2025,125-103,L
MIA,SAS,1/19/2025,107-128,W
ORL,DEN,1/19/2025,113-100,L
MIL,PHI,1/19/2025,109-123,W
OKC,BKN,1/19/2025,101-127,W
LAC,LAL,1/19/2025,102-116,W
POR,CHI,1/19/2025,102-113,W
SAC,WAS,1/19/2025,100-123,W
CHA,DAL,1/20/2025,105-110,W
HOU,DET,1/20/2025,107-96,L
MEM,MIN,1/20/2025,106-108,W
NYK,ATL,1/20/2025,110-119,W
CLE,PHX,1/20/2025,92-118,W
GSW,BOS,1/20/2025,125-85,L
NOP,UTA,1/20/2025,119-123,W
LAC,CHI,1/20/2025,112-99,L
BKN,NYK,1/21/2025,99-95,L
MIA,POR,1/21/2025,116-107,L
TOR,ORL,1/21/2025,93-109,W
DEN,PHI,1/21/2025,109-144,W
LAL,WAS,1/21/2025,88-111,W
ATL,DET,1/22/2025,114-104,L
BKN,PHX,1/22/2025,108-84,L
DAL,MIN,1/22/2025,115-114,L
HOU,CLE,1/22/2025,108-109,W
MEM,CHA,1/22/2025,120-132,W
OKC,UTA,1/22/2025,114-123,W
SAC,GSW,1/22/2025,117-123,W
LAC,BOS,1/22/2025,117-113,L
IND,SAS,1/23/2025,140-110,L
ORL,POR,1/23/2025,101-79,L
ATL,TOR,1/23/2025,122-119,L
OKC,DAL,1/23/2025,121-115,L
MIL,MIA,1/23/2025,96-125,W
DEN,SAC,1/23/2025,123-132,W
GSW,CHI,1/23/2025,106-131,W
LAL,BOS,1/23/2025,96-117,W
LAC,WAS,1/23/2025,93-110,W
CHA,POR,1/24/2025,102-97,L
PHI,CLE,1/24/2025,129-132,W
MEM,NOP,1/24/2025,126-139,W
SAS,IND,1/25/2025,136-98,L
MIN,DEN,1/25/2025,104-133,W
DAL,BOS,1/25/2025,122-107,L
BKN,MIA,1/25/2025,106-97,L
CHA,NOP,1/25/2025,92-123,W
ORL,DET,1/25/2025,113-121,W
ATL,TOR,1/25/2025,117-94,L
CLE,HOU,1/25/2025,135-131,L
NYK,SAC,1/25/2025,120-143,W
CHI,PHI,1/25/2025,109-97,L
MEM,UTA,1/25/2025,103-125,W
GSW,LAL,1/25/2025,118-108,L
PHX,WAS,1/25/2025,109-119,W
LAC,MIL,1/25/2025,117-127,W
POR,OKC,1/26/2025,118-108,L
CHA,LAL,1/27/2025,112-107,L
CLE,DET,1/27/2025,91-110,W
BOS,HOU,1/27/2025,114-112,L
BKN,SAC,1/27/2025,110-96,L
MIA,ORL,1/27/2025,119-125,W
NYK,MEM,1/27/2025,106-143,W
TOR,NOP,1/27/2025,104-113,W
CHI,DEN,1/27/2025,121-129,W
MIN,ATL,1/27/2025,92-100,W
DAL,WAS,1/27/2025,108-130,W
UTA,MIL,1/27/2025,125-110,L
PHX,LAC,1/27/2025,109-111,W
ATL,HOU,1/28/2025,100-96,L
PHI,LAL,1/28/2025,104-118,W
GSW,UTA,1/28/2025,103-114,W
POR,MIL,1/28/2025,112-125,W
CHA,BKN,1/29/2025,104-83,L
IND,DET,1/29/2025,119-133,W
WAS,TOR,1/29/2025,106-82,L
BOS,CHI,1/29/2025,100-122,W
MIA,CLE,1/29/2025,126-106,L
NYK,DEN,1/29/2025,112-122,W
PHI,SAC,1/29/2025,104-117,W
NOP,DAL,1/29/2025,137-136,L
SAS,LAC,1/29/2025,128-116,L
PHX,MIN,1/29/2025,121-113,L
GSW,OKC,1/29/2025,109-116,W
CLE,ATL,1/30/2025,115-137,W
WAS,LAL,1/30/2025,134-96,L
UTA,MIN,1/30/2025,138-113,L
MEM,HOU,1/30/2025,119-120,W
POR,ORL,1/30/2025,90-119,W
CHA,LAC,1/31/2025,112-104,L
DET,DAL,1/31/2025,102-117,W
PHI,DEN,1/31/2025,137-134,L
TOR,CHI,1/31/2025,122-106,L
NOP,BOS,1/31/2025,118-116,L
SAS,MIL,1/31/2025,118-144,W
GSW,PHX,1/31/2025,130-105,L
IND,ATL,2/1/2025,127-132,W
UTA,ORL,2/1/2025,99-113,W
CHA,DEN,2/1/2025,107-104,L
HOU,BKN,2/1/2025,110-98,L
MIN,WAS,2/1/2025,105-103,L
OKC,SAC,2/1/2025,110-144,W
NYK,LAL,2/1/2025,128-112,L
SAS,MIA,2/1/2025,105-103,L
POR,PHX,2/1/2025,108-127,W
DET,CHI,2/2/2025,119-127,W
CLE,DAL,2/2/2025,101-144,W
TOR,LAC,2/2/2025,108-115,W
PHI,BOS,2/2/2025,118-110,L
MIL,MEM,2/2/2025,132-119,L
CHA,WAS,2/3/2025,124-114,L
DET,ATL,2/3/2025,132-130,L
NYK,HOU,2/3/2025,118-124,W
MEM,SAS,2/3/2025,109-128,W
MIN,SAC,2/3/2025,116-114,L
OKC,MIL,2/3/2025,96-125,W
DEN,NOP,2/3/2025,113-125,W
UTA,IND,2/3/2025,112-111,L
GSW,ORL,2/3/2025,99-104,W
POR,PHX,2/3/2025,119-121,W
PHI,DAL,2/4/2025,116-118,W
BKN,HOU,2/4/2025,97-99,W
CLE,BOS,2/4/2025,112-105,L
TOR,NYK,2/4/2025,121-115,L
CHI,MIA,2/4/2025,124-133,W
LAC,LAL,2/4/2025,122-97,L
POR,IND,2/4/2025,89-112,W
ATL,SAS,2/5/2025,126-125,L
CHA,MIL,2/5/2025,112-102,L
DET,CLE,2/5/2025,118-115,L
BKN,WAS,2/5/2025,119-102,L
PHI,MIA,2/5/2025,108-101,L
TOR,MEM,2/5/2025,138-107,L
MIN,CHI,2/5/2025,108-127,W
DEN,NOP,2/5/2025,119-144,W
UTA,GSW,2/5/2025,128-131,W
OKC,PHX,2/5/2025,109-140,W
SAC,ORL,2/5/2025,130-111,L
BOS,DAL,2/6/2025,127-120,L
MIN,HOU,2/6/2025,114-127,W
DEN,ORL,2/6/2025,90-112,W
LAL,GSW,2/6/2025,112-120,W
POR,SAC,2/6/2025,102-108,W
LAC,IND,2/6/2025,119-112,L
CHA,SAS,2/7/2025,116-117,W
WAS,CLE,2/7/2025,134-124,L
ATL,MIL,2/7/2025,110-115,W
BKN,MIA,2/7/2025,86-102,W
DET,PHI,2/7/2025,112-125,W
OKC,TOR,2/7/2025,109-121,W
PHX,UTA,2/7/2025,127-135,W
DAL,HOU,2/8/2025,105-116,W
LAL,IND,2/8/2025,117-124,W
ORL,SAS,2/8/2025,111-112,W
WAS,ATL,2/8/2025,125-111,L
CHI,GSW,2/8/2025,132-111,L
MEM,OKC,2/8/2025,125-112,L
MIN,POR,2/8/2025,98-114,W
NYK,BOS,2/8/2025,131-104,L
PHX,DEN,2/8/2025,122-105,L
SAC,NOP,2/8/2025,118-123,W
LAC,UTA,2/8/2025,110-130,W
DET,CHA,2/9/2025,102-112,W
HOU,TOR,2/9/2025,87-94,W
MIL,PHI,2/9/2025,127-135,W
CLE,MIN,2/10/2025,107-128,W
ORL,ATL,2/10/2025,112-106,L
WAS,SAS,2/10/2025,131-121,L
BKN,CHA,2/10/2025,89-97,W
MIA,BOS,2/10/2025,103-85,L
MIL,GSW,2/10/2025,125-111,L
OKC,NOP,2/10/2025,101-137,W
DAL,SAC,2/10/2025,129-128,L
DEN,POR,2/10/2025,117-146,W
LAL,UTA,2/10/2025,113-132,W
PHI,TOR,2/11/2025,106-103,L
IND,NYK,2/11/2025,128-115,L
CHI,DET,2/11/2025,132-92,L
PHX,MEM,2/11/2025,119-112,L
BOS,SAS,2/12/2025,103-116,W
ORL,CHA,2/12/2025,86-102,W
WAS,IND,2/12/2025,134-130,L
BKN,PHI,2/12/2025,96-100,W
NYK,ATL,2/12/2025,148-149,W
TOR,CLE,2/12/2025,131-108,L
CHI,DET,2/12/2025,128-110,L
MIN,MIL,2/12/2025,103-101,L
NOP,SAC,2/12/2025,119-111,L
OKC,MIA,2/12/2025,101-115,W
HOU,PHX,2/12/2025,111-119,W
DEN,POR,2/12/2025,121-132,W
UTA,LAL,2/12/2025,119-131,W
DAL,GSW,2/12/2025,107-111,W
LAC,MEM,2/12/2025,114-128,W
HOU,GSW,2/13/2025,105-98,L
NOP,SAC,2/13/2025,133-140,W
DAL,MIA,2/13/2025,113-118,W
MIN,OKC,2/13/2025,101-116,W
UTA,LAC,2/13/2025,120-116,L
LAL,CHA,2/19/2025,100-97,L
IND,MEM,2/20/2025,113-127,W
PHI,BOS,2/20/2025,124-104,L
ATL,ORL,2/20/2025,114-108,L
BKN,CLE,2/20/2025,110-97,L
NYK,CHI,2/20/2025,111-113,W
MIL,LAC,2/20/2025,110-116,W
DEN,CHA,2/20/2025,115-129,W
SAS,PHX,2/20/2025,109-120,W
POR,LAL,2/20/2025,110-102,L
CLE,NYK,2/21/2025,105-142,W
ORL,MEM,2/21/2025,105-104,L
WAS,MIL,2/21/2025,104-101,L
TOR,MIA,2/21/2025,120-111,L
DAL,NOP,2/21/2025,103-111,W
SAS,DET,2/21/2025,125-110,L
HOU,MIN,2/21/2025,115-121,W
UTA,OKC,2/21/2025,130-107,L
SAC,GSW,2/21/2025,132-108,L
CHI,PHX,2/22/2025,121-117,L
PHI,BKN,2/22/2025,105-103,L
DEN,LAL,2/22/2025,123-100,L
UTA,HOU,2/22/2025,115-124,W
POR,CHA,2/22/2025,88-141,W
BOS,NYK,2/23/2025,105-118,W
GSW,DAL,2/23/2025,102-126,W
IND,LAC,2/23/2025,111-129,W
ATL,DET,2/23/2025,148-143,L
MIL,MIA,2/23/2025,113-120,W
ORL,WAS,2/23/2025,90-110,W
TOR,PHX,2/23/2025,109-127,W
CLE,MEM,2/23/2025,123-129,W
NOP,SAS,2/23/2025,96-114,W
MIN,OKC,2/23/2025,130-123,L
DET,LAC,2/24/2025,97-106,W
IND,DEN,2/24/2025,125-116,L
PHI,CHI,2/24/2025,142-110,L
WAS,BKN,2/24/2025,99-107,W
ATL,MIA,2/24/2025,86-98,W
OKC,MIN,2/24/2025,131-128,L
UTA,POR,2/24/2025,114-112,L
SAC,CHA,2/24/2025,88-130,W
TOR,BOS,2/25/2025,111-101,L
ORL,CLE,2/25/2025,122-82,L
HOU,MIL,2/25/2025,97-100,W
MEM,PHX,2/25/2025,148-151,W
NOP,SAS,2/25/2025,103-109,W
GSW,CHA,2/25/2025,92-128,W
LAL,DAL,2/25/2025,99-107,W
DET,BOS,2/26/2025,97-117,W
IND,TOR,2/26/2025,91-111,W
NYK,PHI,2/26/2025,105-110,W
WAS,POR,2/26/2025,129-121,L
BKN,OKC,2/26/2025,129-121,L
MIA,ATL,2/26/2025,109-131,W
CHI,LAC,2/26/2025,122-117,L
UTA,SAC,2/26/2025,118-101,L
HOU,SAS,2/26/2025,106-118,W
ORL,GSW,2/27/2025,121-115,L
MIL,DEN,2/27/2025,112-121,W
DAL,CHA,2/27/2025,96-103,W
PHX,NOP,2/27/2025,124-116,L
LAL,MIN,2/27/2025,102-111,W
DET,DEN,2/28/2025,134-119,L
ATL,OKC,2/28/2025,135-119,L
BOS,CLE,2/28/2025,123-116,L
BKN,POR,2/28/2025,121-102,L
CHI,TOR,2/28/2025,115-125,W
MEM,NYK,2/28/2025,114-113,L
MIA,IND,2/28/2025,120-125,W
PHX,NOP,2/28/2025,108-125,W
UTA,MIN,2/28/2025,116-117,W
LAL,LAC,2/28/2025,102-106,W
CHA,WAS,3/1/2025,113-100,L
DET,BKN,3/1/2025,94-115,W
HOU,SAC,3/1/2025,113-103,L
MEM,SAS,3/1/2025,130-128,L
DAL,MIL,3/1/2025,132-117,L
PHI,GSW,3/1/2025,119-126,W
BOS,DEN,3/2/2025,103-110,W
CLE,POR,3/2/2025,129-133,W
IND,CHI,3/2/2025,112-127,W
MIA,NYK,3/2/2025,116-112,L
ORL,TOR,3/2/2025,104-102,L
SAS,OKC,3/2/2025,146-132,L
UTA,NOP,3/2/2025,128-121,L
LAL,LAC,3/2/2025,102-108,W
PHX,MIN,3/2/2025,116-98,L
CHA,GSW,3/3/2025,119-101,L
PHI,POR,3/3/2025,119-102,L
MIA,WAS,3/3/2025,90-106,W
MEM,ATL,3/3/2025,132-130,L
OKC,HOU,3/3/2025,128-137,W
DAL,SAC,3/3/2025,122-98,L
UTA,DET,3/3/2025,134-106,L
IND,HOU,3/4/2025,102-115,W
ORL,TOR,3/4/2025,114-113,L
ATL,MIL,3/4/2025,127-121,L
NYK,GSW,3/4/2025,114-102,L
CHI,CLE,3/4/2025,139-117,L
MIN,PHI,3/4/2025,112-126,W
SAS,BKN,3/4/2025,113-127,W
PHX,LAC,3/4/2025,117-119,W
LAL,NOP,3/4/2025,115-136,W
BOS,POR,3/5/2025,118-128,W
CHA,MIN,3/5/2025,125-110,L
CLE,MIA,3/5/2025,107-112,W
WAS,UTA,3/5/2025,122-125,W
MIL,DAL,3/5/2025,107-137,W
DEN,SAC,3/5/2025,110-116,W
MEM,OKC,3/5/2025,120-103,L
LAC,DET,3/5/2025,115-123,W
ORL,CHI,3/6/2025,125-123,L
ATL,IND,3/6/2025,118-124,W
BOS,PHI,3/6/2025,105-123,W
BKN,GSW,3/6/2025,121-119,L
NOP,HOU,3/6/2025,109-97,L
LAL,NYK,3/6/2025,109-113,W
CHA,CLE,3/7/2025,118-117,L
DAL,MEM,3/7/2025,122-111,L
TOR,UTA,3/7/2025,109-118,W
MIA,MIN,3/7/2025,106-104,L
OKC,POR,3/7/2025,89-107,W
DEN,PHX,3/7/2025,141-149,W
SAC,SAS,3/7/2025,109-127,W
LAC,NYK,3/7/2025,95-105,W
CHA,BKN,3/8/2025,102-105,W
HOU,NOP,3/8/2025,117-146,W
ATL,IND,3/8/2025,118-120,W
TOR,WAS,3/8/2025,118-117,L
MIA,CHI,3/8/2025,114-109,L
MIL,ORL,3/8/2025,111-109,L
BOS,LAL,3/8/2025,101-111,W
GSW,DET,3/8/2025,110-115,W
OKC,DEN,3/9/2025,103-127,W
DAL,PHX,3/9/2025,125-116,L
NOP,MEM,3/9/2025,107-104,L
PHI,UTA,3/9/2025,122-126,W
MIL,CLE,3/9/2025,112-100,L
MIN,SAS,3/9/2025,124-141,W
POR,DET,3/9/2025,119-112,L
LAC,SAC,3/9/2025,110-111,W
ATL,PHI,3/10/2025,123-132,W
BOS,UTA,3/10/2025,108-114,W
BKN,LAL,3/10/2025,108-111,W
MIA,CHA,3/10/2025,105-102,L
TOR,WAS,3/10/2025,104-119,W
CHI,IND,3/10/2025,103-121,W
HOU,ORL,3/10/2025,84-97,W
MEM,PHX,3/10/2025,118-120,W
OKC,DEN,3/10/2025,140-127,L
SAS,DAL,3/10/2025,133-129,L
GSW,POR,3/10/2025,120-130,W
SAC,NYK,3/10/2025,133-104,L
CLE,BKN,3/11/2025,104-109,W
DET,WAS,3/11/2025,103-123,W
IND,MIL,3/11/2025,114-115,W
NOP,LAC,3/11/2025,120-127,W
ATL,CHA,3/12/2025,110-123,W
BOS,OKC,3/12/2025,118-112,L
TOR,PHI,3/12/2025,105-118,W
HOU,PHX,3/12/2025,104-111,W
MEM,UTA,3/12/2025,115-122,W
MIA,LAC,3/12/2025,119-104,L
SAS,DAL,3/12/2025,116-126,W
DEN,MIN,3/12/2025,115-95,L
POR,NYK,3/12/2025,114-113,L
DET,WAS,3/13/2025,129-125,L
MIL,LAL,3/13/2025,106-126,W
CHI,BKN,3/13/2025,110-116,W
NOP,ORL,3/13/2025,113-93,L
GSW,SAC,3/13/2025,104-130,W
MIA,BOS,3/14/2025,103-91,L
PHI,IND,3/14/2025,112-100,L
ATL,LAC,3/14/2025,121-98,L
HOU,DAL,3/14/2025,96-133,W
MEM,CLE,3/14/2025,133-124,L
MIN,ORL,3/14/2025,111-118,W
SAS,CHA,3/14/2025,145-134,L
DEN,LAL,3/14/2025,126-131,W
UTA,TOR,3/14/2025,126-118,L
PHX,SAC,3/14/2025,106-122,W
BKN,BOS,3/15/2025,115-113,L
DET,OKC,3/15/2025,113-107,L
HOU,CHI,3/15/2025,114-117,W
MEM,MIA,3/15/2025,91-125,W
MIL,IND,3/15/2025,119-126,W
GSW,NYK,3/15/2025,94-97,W
SAS,NOP,3/15/2025,115-119,W
DEN,WAS,3/15/2025,126-123,L
CLE,ORL,3/16/2025,108-103,L
DAL,PHI,3/16/2025,130-125,L
LAL,PHX,3/16/2025,96-107,W
BKN,ATL,3/16/2025,114-122,W
POR,TOR,3/16/2025,102-105,W
LAC,CHA,3/16/2025,88-123,W
MIN,UTA,3/16/2025,102-128,W
MIL,OKC,3/16/2025,121-105,L
NYK,MIA,3/17/2025,95-116,W
HOU,PHI,3/17/2025,137-144,W
MIN,IND,3/17/2025,132-130,L
NOP,DET,3/17/2025,127-81,L
UTA,CHI,3/17/2025,111-97,L
GSW,DEN,3/17/2025,114-105,L
PHX,TOR,3/17/2025,89-129,W
POR,WAS,3/17/2025,97-112,W
SAC,MEM,3/17/2025,122-132,W
LAL,SAS,3/17/2025,109-125,W
CHA,ATL,3/18/2025,134-102,L
BOS,BKN,3/18/2025,96-104,W
GSW,MIL,3/18/2025,93-104,W
LAC,CLE,3/18/2025,119-132,W
IND,DAL,3/19/2025,131-135,W
ORL,HOU,3/19/2025,116-108,L
MIA,DET,3/19/2025,116-113,L
MIN,NOP,3/19/2025,119-115,L
OKC,PHI,3/19/2025,100-133,W
SAS,NYK,3/19/2025,105-120,W
UTA,WAS,3/19/2025,112-128,W
LAL,DEN,3/19/2025,108-120,W
PHX,CHI,3/19/2025,121-127,W
POR,MEM,3/19/2025,99-115,W
SAC,CLE,3/19/2025,119-123,W
CHA,NYK,3/20/2025,98-115,W
IND,BKN,3/20/2025,99-105,W
GSW,TOR,3/20/2025,114-117,W
SAC,CHI,3/20/2025,128-116,L
LAL,MIL,3/20/2025,118-89,L
WAS,ORL,3/21/2025,120-105,L
MIA,HOU,3/21/2025,102-98,L
MIN,NOP,3/21/2025,93-134,W
OKC,CHA,3/21/2025,106-141,W
SAS,PHI,3/21/2025,120-128,W
DAL,DET,3/21/2025,117-123,W
UTA,BOS,3/21/2025,121-99,L
PHX,CLE,3/21/2025,112-123,W
POR,DEN,3/21/2025,109-128,W
LAC,MEM,3/21/2025,108-128,W
IND,BKN,3/22/2025,103-108,W
ATL,GSW,3/22/2025,115-124,W
NYK,WAS,3/22/2025,103-122,W
SAC,MIL,3/22/2025,114-108,L
LAL,CHI,3/22/2025,146-115,L
DET,NOP,3/23/2025,130-136,W
UTA,CLE,3/23/2025,120-91,L
ATL,PHI,3/23/2025,119-132,W
MIA,CHA,3/23/2025,105-122,W
POR,BOS,3/23/2025,129-116,L
TOR,SAS,3/23/2025,123-89,L
HOU,DEN,3/23/2025,116-111,L
LAC,OKC,3/23/2025,103-101,L
IND,MIN,3/24/2025,103-119,W
ORL,LAL,3/24/2025,106-118,W
WAS,TOR,3/24/2025,112-104,L
BKN,DAL,3/24/2025,120-101,L
NOP,PHI,3/24/2025,99-112,W
DEN,CHI,3/24/2025,129-119,L
PHX,MIL,3/24/2025,106-108,W
SAC,BOS,3/24/2025,113-95,L
CHA,ORL,3/25/2025,111-104,L
DET,SAS,3/25/2025,96-122,W
MIA,GSW,3/25/2025,86-112,W
NYK,DAL,3/25/2025,113-128,W
HOU,ATL,3/25/2025,114-121,W
UTA,MEM,3/25/2025,140-103,L
POR,CLE,3/25/2025,122-111,L
SAC,OKC,3/25/2025,121-105,L
PHI,WAS,3/26/2025,119-114,L
BKN,TOR,3/26/2025,116-86,L
IND,LAL,3/26/2025,120-119,L
NYK,LAC,3/26/2025,126-113,L
DEN,MIL,3/26/2025,117-127,W
PHX,BOS,3/26/2025,132-102,L
CLE,SAS,3/27/2025,116-124,W
ORL,DAL,3/27/2025,101-92,L
WAS,IND,3/27/2025,162-109,L
MIA,ATL,3/27/2025,112-122,W
CHI,LAL,3/27/2025,117-119,W
OKC,MEM,3/27/2025,104-125,W
UTA,HOU,3/27/2025,121-110,L
SAC,POR,3/27/2025,107-128,W
DET,CLE,3/28/2025,122-133,W
BKN,LAC,3/28/2025,132-100,L
TOR,CHA,3/28/2025,97-108,W
MIL,NYK,3/28/2025,116-107,L
MIN,PHX,3/28/2025,109-124,W
NOP,GSW,3/28/2025,111-95,L
DEN,UTA,3/28/2025,93-129,W
ORL,SAC,3/29/2025,91-121,W
WAS,BKN,3/29/2025,115-112,L
PHI,MIA,3/29/2025,118-95,L
CHI,DAL,3/29/2025,120-119,L
MEM,LAL,3/29/2025,134-127,L
OKC,IND,3/29/2025,111-132,W
SAS,BOS,3/29/2025,121-111,L
CLE,LAC,3/30/2025,122-127,W
NYK,POR,3/30/2025,93-110,W
MIL,ATL,3/30/2025,145-124,L
MIN,DET,3/30/2025,104-123,W
NOP,CHA,3/30/2025,94-98,W
SAS,GSW,3/30/2025,148-106,L
PHI,TOR,3/30/2025,127-109,L
PHX,HOU,3/30/2025,148-109,L
CHA,UTA,3/31/2025,106-110,W
IND,SAC,3/31/2025,109-111,W
ORL,LAC,3/31/2025,96-87,L
WAS,MIA,3/31/2025,120-94,L
MEM,BOS,3/31/2025,117-103,L
OKC,CHI,3/31/2025,117-145,W
DAL,BKN,3/31/2025,113-109,L
LAL,HOU,3/31/2025,98-104,W
ATL,POR,4/1/2025,127-113,L
MIL,PHX,4/1/2025,123-133,W
NYK,PHI,4/1/2025,91-105,W
CHI,TOR,4/1/2025,118-137,W
MEM,GSW,4/1/2025,134-125,L
SAS,ORL,4/1/2025,116-105,L
DEN,MIN,4/1/2025,140-139,L
CLE,NYK,4/2/2025,105-124,W
IND,CHA,4/2/2025,105-119,W
WAS,SAC,4/2/2025,111-116,W
BOS,MIA,4/2/2025,124-103,L
HOU,UTA,4/2/2025,105-143,W
DAL,ATL,4/2/2025,118-120,W
DEN,SAS,4/2/2025,113-106,L
OKC,DET,4/2/2025,103-119,W
LAC,NOP,4/2/2025,98-114,W
PHI,MIL,4/3/2025,126-113,L
WAS,ORL,4/3/2025,109-97,L
BKN,MIN,4/3/2025,105-90,L
MIA,MEM,4/3/2025,110-108,L
TOR,POR,4/3/2025,112-103,L
LAL,GSW,4/3/2025,123-116,L
CHA,SAC,4/4/2025,125-102,L
IND,UTA,4/4/2025,112-140,W
BOS,PHX,4/4/2025,103-123,W
TOR,DET,4/4/2025,117-105,L
CHI,POR,4/4/2025,113-118,W
HOU,OKC,4/4/2025,111-125,W
SAS,CLE,4/4/2025,114-113,L
GSW,DEN,4/4/2025,104-118,W
LAC,DAL,4/4/2025,91-114,W
LAL,NOP,4/4/2025,108-124,W
ATL,NYK,4/5/2025,121-105,L
DET,MEM,4/5/2025,109-103,L
PHI,MIN,4/5/2025,114-109,L
MIA,MIL,4/5/2025,121-115,L
LAC,DAL,4/5/2025,104-135,W
CHA,CHI,4/6/2025,131-117,L
BKN,TOR,4/6/2025,120-109,L
OKC,LAL,4/6/2025,126-99,L
ATL,UTA,4/6/2025,134-147,W
BOS,WAS,4/6/2025,90-124,W
CLE,SAC,4/6/2025,120-113,L
POR,SAS,4/6/2025,109-120,W
NYK,PHX,4/6/2025,98-112,W
DEN,IND,4/6/2025,125-120,L
GSW,HOU,4/6/2025,106-96,L
NOP,MIL,4/6/2025,111-107,L
DET,SAC,4/7/2025,127-117,L
MIA,PHI,4/7/2025,105-117,W
CHA,MEM,4/8/2025,124-100,L
CLE,CHI,4/8/2025,113-135,W
IND,WAS,4/8/2025,98-104,W
ORL,ATL,4/8/2025,112-119,W
BKN,NOP,4/8/2025,114-119,W
NYK,BOS,4/8/2025,119-117,L
MIL,MIN,4/8/2025,103-110,W
OKC,LAL,4/8/2025,120-136,W
PHX,GSW,4/8/2025,133-95,L
LAC,SAS,4/8/2025,117-122,W
ORL,BOS,4/9/2025,76-96,W
WAS,PHI,4/9/2025,122-103,L
DAL,LAL,4/9/2025,112-97,L
TOR,CHA,4/9/2025,96-126,W
CHI,MIA,4/9/2025,111-119,W
UTA,POR,4/9/2025,126-133,W
GSW,SAS,4/9/2025,114-111,L
PHX,OKC,4/9/2025,125-112,L
SAC,DEN,4/9/2025,124-116,L
LAC,HOU,4/9/2025,117-134,W
DET,NYK,4/10/2025,106-115,W
IND,CLE,4/10/2025,112-114,W
BKN,ATL,4/10/2025,133-109,L
MIL,NOP,4/10/2025,111-136,W
MEM,MIN,4/10/2025,141-125,L
DET,MIL,4/11/2025,125-119,L
IND,ORL,4/11/2025,129-115,L
PHI,ATL,4/11/2025,124-110,L
BOS,CHA,4/11/2025,94-130,W
NYK,CLE,4/11/2025,108-102,L
CHI,WAS,4/11/2025,89-119,W
NOP,MIA,4/11/2025,153-104,L
DAL,TOR,4/11/2025,102-124,W
DEN,MEM,4/11/2025,109-117,W
MIN,BKN,4/11/2025,91-117,W
UTA,OKC,4/11/2025,145-111,L
PHX,SAS,4/11/2025,98-117,W
POR,GSW,4/11/2025,103-86,L
SAC,LAC,4/11/2025,101-100,L
LAL,HOU,4/11/2025,109-140,W
ATL,ORL,4/13/2025,105-117,W
BOS,CHA,4/13/2025,86-93,W
BKN,NYK,4/13/2025,113-105,L
CLE,IND,4/13/2025,126-118,L
MIA,WAS,4/13/2025,119-118,L
MIL,DET,4/13/2025,133-140,W
PHI,CHI,4/13/2025,122-102,L
GSW,LAC,4/13/2025,124-119,L
HOU,DEN,4/13/2025,126-111,L
MEM,DAL,4/13/2025,97-132,W
MIN,UTA,4/13/2025,105-116,W
NOP,OKC,4/13/2025,115-100,L
POR,LAL,4/13/2025,81-109,W
SAC,PHX,4/13/2025,98-109,W
SAS,TOR,4/13/2025,118-125,W
